id;sales;income  21_алыч;expences;total
?.,mqlg;2;1fdsq;3;2
2;22;105.2273664;Аer-=1;1
3;27;197.1994371;196.0876155;1.111821587
4;31;183.8237892;107.5562605;76.26752869
5;25;151.5282645;104.8871633;46.64110117
6;42;298.529709;99.9719304;198.5577786
7;1;6.830542728;153.4185656;-146.5880229
8;39;466.13107;248.4333699;217.6977001
