id;sales;income;;total
;1;9.669959539;5.646905783;4.023053756
2;20;;75.18851936;-75.18851936
3;;0;113.6095073;-113.6095073
4;27;135.0029179;135.9211672;-0.918249259
;29;93.47295902;;93.47295902
6;27;283.1233316;185.3272297;97.79610183
7;37;357.6594942;211.7911614;145.8683328
8;37;177.7499837;187.0265098;-9.276526075
