id;sales;income;expences;total
1;16;110.6124937;89.10582569;21.506668
2;38;299.1589667;184.4159089;114.7430578
3;34;136.537485;115.5625445;20.97494052
4;29;268.1899718;208.5418203;59.6481515
5;40;177.8650769;134.3233251;43.54175175
6;18;191.8328447;130.5913281;61.24151669
7;40;325.5063768;204.56308;120.9432968
8;25;117.0794426;118.7527087;-1.67326609
